ctNumber	phase	statusCode	sponsor	title	decisionDate	matchingTerms
2024-511114-20-00	P3	2	Centre Hospitalier Universitaire d'Angers	SEMAFORCRANIO : Multicenter, double-blind, parallel, randomized controlled trial	27/04/2026	absorptiometry;DXA;DEXA;body composition
2024-519561-22-00	P2	5	F. Hoffmann-La Roche AG	A Randomized, Double-Blind, Placebo-Controlled Phase 2 Trial to Assess Efficacy,	09/06/2025	absorptiometry;DXA;lean body mass;body composition
2026-527538-29-00	P2	2	Region Hovedstaden	SemenGlutide: A randomized double-blinded, placebo-controlled, single-center, cl	08/09/2026	DXA;body composition
2025-522326-13-00	P3	4	Region Hovedstaden	Obesity and Semaglutide in Type 1 Diabetes Therapy (OBES1TY): A Multicentre, Ran	26/09/2025	DXA;body composition
2024-517471-21-02	P4	4	Clinical Pharmacology, Department	The GOAL study: GLP-1 receptor agonist treatment for Adolescents with Obesity se	02/05/2025	DXA;body composition
2023-508055-40-00	P4	5	Novo Nordisk A/S	Weight Maintenance in Adolescents With Obesity; Long-Term Treatment With Semaglu	10/02/2025	DXA;lean body mass;body composition
2024-512144-39-00	P3	5	Novo Nordisk A/S	Long-term efficacy and safety of cagrilintide s.c. 2.4 mg in combination with se	16/01/2025	DXA;lean body mass;body composition
2024-518746-24-00	P2	8	Psykiatrisk Center Kobenhavn	Does the glucagon-like peptide-1 receptor agonist semaglutide prevent deteriorat	04/11/2024	DXA;body composition
2024-513168-24-00	P2	4	University College Dublin	A randomised, controlled, parallel group, open-label trial evaluating the impact	29/04/2024	DXA
2023-505959-45-00	P2	5	Odense University Hospital	The effect of oral Semaglutide on bone turnover in patients with T2D: a randomiz	07/09/2023	DXA
2022-502922-41-00	P3	5	Novo Nordisk A/S	Long-term safety and efficacy of semaglutide s.c. once-weekly on weight manageme	13/06/2023	DXA;lean body mass;body composition
2024-517120-19-02	P4	8	Rigshospitalet	Glucagone Like Peptide-1 Receptor (GLP-1R) Analogue Assisted Rapid Weight Loss P	09/12/2024	DEXA
2024-517463-23-00	P2	2	Gentofte Hospital	Weight management with orismilast alone or in combination with s.c. semaglutide	21/01/2025	fat-free mass;body composition
2022-502164-20-01	P4	4	Stichting Zuyderland Medisch Centrum	Semaglutide 2.4mg for low responders after bariatric surgery	04/09/2024	fat-free mass
2023-506289-29-00	P4	4	Vestfold Hospital Trust	eHealth Based treatment of AdolescenT obesiTy with Low energy diet and sEmagluti	16/11/2023	fat-free mass;body composition
2026-526200-69-00	P4	4	Klinikum der Technischen Universitaet Muenchen	A Phase IV, Randomized Controlled Trial to Evaluate the Effects of Resistance Tr	04/08/2026	body composition
2026-526016-36-00	P4	4	UZ Leuven	A neuropsychobiological approach to optimize patient selection for GLP-1-based p	08/06/2026	body composition
2024-515982-32-00	P4	4	Rheinische Friedrich-Wilhelms-Universitaet Bonn	A Clinical Trial of Tirzepatide (LY3298176) in Subjects With Overweight or Obesi	25/07/2025	body composition
2024-510802-10-00	Phase II and Phase III (Integrated)	11	Esbjerg Sygehus	The impact of pramlintide on top of semaglutide in obese people with prediabetes	03/12/2024	body composition
2024-518086-99-00	P4	8	Kobenhavns Universitet	Young adults with early-onset obesity treated with semaglutide (RESETTLE)	02/10/2024	body composition
2023-506923-27-00	P3	8	Novo Nordisk A/S	PIONEER TEENS: Efficacy and safety of oral semaglutide versus placebo	19/06/2024	body composition
2023-508525-27-00	P4	4	Narodowy Instytut Kardiologii	A multiarm, randomized, open label Clinical study comparing AntiatheroSClerotic	08/03/2024	body composition
2023-504988-16-00	P3	2	Institut Klinicke A Experimentalni Mediciny	The effect of semaglutide therapy on hepatic fat content and on the acute repons	02/06/2023	body composition
2022-502745-98-00	P2	8	Karolinska University Hospital	Octreotide treatment to improve nutritional recovery after surgery for patients	20/12/2022	body composition
